<?xml version="1.0" encoding="UTF-8"?>
<project-private xmlns="http://www.netbeans.org/ns/project-private/1">
    <editor-bookmarks xmlns="http://www.netbeans.org/ns/editor-bookmarks/2" lastBookmarkId="0"/>
    <open-files xmlns="http://www.netbeans.org/ns/projectui-open-files/2">
        <group>
            <file>file:/C:/Users/Alunos/Desktop/3Semestre/TecnicasProgramacaoII/BancoFinal/src/View/Cad_Agencia.java</file>
            <file>file:/C:/Users/Alunos/Desktop/3Semestre/TecnicasProgramacaoII/BancoFinal/src/View/Cad_Cliente.java</file>
            <file>file:/C:/Users/Alunos/Desktop/3Semestre/TecnicasProgramacaoII/BancoFinal/src/DAO/ConnectDAO.java</file>
            <file>file:/C:/Users/Alunos/Desktop/3Semestre/TecnicasProgramacaoII/BancoFinal/src/bancofinal/Agencia.java</file>
        </group>
    </open-files>
</project-private>
